"date","variable","decimaldate","month","decimal_during","smooth","var","by_var","fs_var","data","derivative","se","crit","lower","upper","signif","sign","signif_sign","Provplats_ID","name","trend"
1974-11-15,13,1974.87123287671,11,0.871232876712384,"s(decimaldate)","decimaldate",NA,NA,1974.87123287671,0.072873390262389,0.0365222050436598,1.95996398454005,0.00129118374082882,0.144455596783949,TRUE,1,1,135428,"mean",15.039763842552
2000-01-15,19.13,2000.03825136612,1,0.0382513661202211,"s(decimaldate)","decimaldate",NA,NA,2000.03825136612,0.0490963294964901,0.0231394016179369,1.95996398454005,0.00374393570152594,0.0944487232914543,TRUE,1,1,135428,"mean",16.6743029443862
2000-02-15,19.06,2000.12295081967,2,0.122950819672042,"s(decimaldate)","decimaldate",NA,NA,2000.12295081967,0.0489364140523048,0.0231318747496687,1.95996398454005,0.00359877264806267,0.094274055456547,TRUE,1,1,135428,"mean",16.6784545993132
2000-04-15,15.845,2000.2868852459,4,0.286885245901658,"s(decimaldate)","decimaldate",NA,NA,2000.2868852459,0.0486281667575646,0.0229632717035848,1.95996398454005,0.00362098125133068,0.0936353522637984,TRUE,1,1,135428,"mean",16.6864516603429
2000-05-15,16.8725,2000.36885245902,5,0.368852459016352,"s(decimaldate)","decimaldate",NA,NA,2000.36885245902,0.0484748905962563,0.0228966200722803,1.95996398454005,0.00359833988689005,0.0933514413056226,TRUE,1,1,135428,"mean",16.6904312861871
2000-06-15,16.035,2000.45355191257,6,0.4535519125684,"s(decimaldate)","decimaldate",NA,NA,2000.45355191257,0.0483172282753564,0.0228056930771803,1.95996398454005,0.00361889120160866,0.0930155653491042,TRUE,1,1,135428,"mean",16.6945303973093
2000-07-15,14.715,2000.53551912568,7,0.535519125683095,"s(decimaldate)","decimaldate",NA,NA,2000.53551912568,0.0481653508735381,0.0227290755538857,1.95996398454005,0.0036171813860323,0.0927135203610438,TRUE,1,1,135428,"mean",16.6984845944939
2000-08-15,16.305,2000.62021857923,8,0.620218579234916,"s(decimaldate)","decimaldate",NA,NA,2000.62021857923,0.0480088809291199,0.0226408170714644,1.95996398454005,0.00363369488849011,0.0923840669697497,TRUE,1,1,135428,"mean",16.702557542143
2000-09-15,16.715,2000.70491803279,9,0.704918032786964,"s(decimaldate)","decimaldate",NA,NA,2000.70491803279,0.0478523634877347,0.0225467701384099,1.95996398454005,0.00366150604874819,0.0920432209267211,TRUE,1,1,135428,"mean",16.7066172383103
2000-11-15,17.175,2000.87158469945,11,0.871584699453479,"s(decimaldate)","decimaldate",NA,NA,2000.87158469945,0.0475432320032435,0.022375909277788,1.95996398454005,0.00368725569744338,0.0913992083090437,TRUE,1,1,135428,"mean",16.7145668908198
2000-12-15,16.5,2000.95355191257,12,0.9535519125684,"s(decimaldate)","decimaldate",NA,NA,2000.95355191257,0.0473907902542154,0.0222960278029835,1.95996398454005,0.00369137876206398,0.0910902017463668,TRUE,1,1,135428,"mean",16.7184576270249
2001-02-15,17.1183333333333,2001.12328767123,2,0.123287671232902,"s(decimaldate)","decimaldate",NA,NA,2001.12328767123,0.0470754807138678,0.0221154806206225,1.95996398454005,0.00372993519665416,0.0904210262310814,TRUE,1,1,135428,"mean",16.7264747656169
2001-04-15,16.9033333333333,2001.28493150685,4,0.284931506849261,"s(decimaldate)","decimaldate",NA,NA,2001.28493150685,0.0467744644131548,0.0219583965026599,1.95996398454005,0.00373679810969109,0.0898121307166185,TRUE,1,1,135428,"mean",16.7340599216164
2001-05-15,16.7633333333333,2001.36712328767,5,0.36712328767112,"s(decimaldate)","decimaldate",NA,NA,2001.36712328767,0.0466207902275632,0.0218763941866631,1.95996398454005,0.0037438455101021,0.0894977349450244,TRUE,1,1,135428,"mean",16.7378980815875
2001-06-15,15.9066666666667,2001.45205479452,6,0.452054794520564,"s(decimaldate)","decimaldate",NA,NA,2001.45205479452,0.0464619982415265,0.0217911783320008,1.95996398454005,0.0037520735301153,0.0891719229529376,TRUE,1,1,135428,"mean",16.7418509081098
2001-07-15,14.5466666666667,2001.53424657534,7,0.534246575342422,"s(decimaldate)","decimaldate",NA,NA,2001.53424657534,0.0463083445197648,0.0217036840782298,1.95996398454005,0.0037699053945991,0.0888467836449306,TRUE,1,1,135428,"mean",16.7456633848958
2001-08-15,17.1433333333333,2001.61917808219,8,0.619178082191866,"s(decimaldate)","decimaldate",NA,NA,2001.61917808219,0.0461491675707426,0.0216159814887738,1.95996398454005,0.00378262236226146,0.0885157127792238,TRUE,1,1,135428,"mean",16.749589663919
2001-09-15,18.9533333333333,2001.70410958904,9,0.704109589041082,"s(decimaldate)","decimaldate",NA,NA,2001.70410958904,0.0459892796650539,0.0215184256953065,1.95996398454005,0.00381394029825192,0.0881646190318559,TRUE,1,1,135428,"mean",16.7535023949495
2001-11-15,16.4533333333333,2001.87123287671,11,0.871232876712384,"s(decimaldate)","decimaldate",NA,NA,2001.87123287671,0.045673813138858,0.0213434298803769,1.95996398454005,0.0038414592667633,0.0875061670109527,TRUE,1,1,135428,"mean",16.7611619120869
2001-12-15,17.11,2001.95342465753,12,0.953424657534242,"s(decimaldate)","decimaldate",NA,NA,2001.95342465753,0.0455188739242479,0.0212658852596613,1.95996398454005,0.0038385047159506,0.0871992431325452,TRUE,1,1,135428,"mean",16.7649095499536
2002-01-15,18.5333333333333,2002.03835616438,1,0.0383561643834582,"s(decimaldate)","decimaldate",NA,NA,2002.03835616438,0.0453593940132568,0.0211773558357136,1.95996398454005,0.003852539287469,0.0868662487390446,TRUE,1,1,135428,"mean",16.7687687562258
2002-02-15,18.1333333333333,2002.12328767123,2,0.123287671232902,"s(decimaldate)","decimaldate",NA,NA,2002.12328767123,0.0452005939975613,0.0210797781616141,1.95996398454005,0.00388498799870372,0.0865161999964189,TRUE,1,1,135428,"mean",16.7726144474856
2002-04-15,18.3666666666667,2002.28493150685,4,0.284931506849261,"s(decimaldate)","decimaldate",NA,NA,2002.28493150685,0.0449005736082712,0.0209110693558359,1.95996398454005,0.00391563079261371,0.0858855164239286,TRUE,1,1,135428,"mean",16.7798965473066
2002-05-15,17.3166666666667,2002.36712328767,5,0.36712328767112,"s(decimaldate)","decimaldate",NA,NA,2002.36712328767,0.0447496916587213,0.0208330216613478,1.95996398454005,0.0039177195133369,0.0855816638041058,TRUE,1,1,135428,"mean",16.7835807903111
2002-06-15,15.3666666666667,2002.45205479452,6,0.452054794520564,"s(decimaldate)","decimaldate",NA,NA,2002.45205479452,0.0445958639593895,0.0207446464239505,1.95996398454005,0.00393710409642881,0.0852546238223502,TRUE,1,1,135428,"mean",16.7873748977591
2002-07-15,14.7333333333333,2002.53424657534,7,0.534246575342422,"s(decimaldate)","decimaldate",NA,NA,2002.53424657534,0.0444490696882534,0.0206590911067235,1.95996398454005,0.00395799516574361,0.0849401442107632,TRUE,1,1,135428,"mean",16.7910342627277
2002-08-15,18.0333333333333,2002.61917808219,8,0.619178082191866,"s(decimaldate)","decimaldate",NA,NA,2002.61917808219,0.0442991842692611,0.0205701294607617,1.95996398454005,0.00398247136884194,0.0846158971696802,TRUE,1,1,135428,"mean",16.7948030100071
2002-09-15,17.1333333333333,2002.70410958904,9,0.704109589041082,"s(decimaldate)","decimaldate",NA,NA,2002.70410958904,0.0441507736259479,0.0204731977177632,1.95996398454005,0.00402404345076431,0.0842775038011314,TRUE,1,1,135428,"mean",16.7985590906964
2002-11-15,14.1333333333333,2002.87123287671,11,0.871232876712384,"s(decimaldate)","decimaldate",NA,NA,2002.87123287671,0.043863085492747,0.0202995322264544,1.95996398454005,0.00407673342588611,0.0836494375596078,TRUE,1,1,135428,"mean",16.8059135847026
2002-12-15,19,2002.95342465753,12,0.953424657534242,"s(decimaldate)","decimaldate",NA,NA,2002.95342465753,0.0437237647193319,0.0202252282212847,1.95996398454005,0.00408304582651071,0.0833644836121531,TRUE,1,1,135428,"mean",16.8095130318961
2003-01-15,18.5633333333333,2003.03835616438,1,0.0383561643834582,"s(decimaldate)","decimaldate",NA,NA,2003.03835616438,0.0435812551429524,0.0201373786560712,1.95996398454005,0.00411271823400733,0.0830497920518975,TRUE,1,1,135428,"mean",16.8132204914283
2003-02-15,18.63,2003.12328767123,2,0.123287671232902,"s(decimaldate)","decimaldate",NA,NA,2003.12328767123,0.0434404842443261,0.0200416060171662,1.95996398454005,0.00415965825833921,0.082721310230313,TRUE,1,1,135428,"mean",16.8169159184605
2003-04-15,17.1133333333333,2003.28493150685,4,0.284931506849261,"s(decimaldate)","decimaldate",NA,NA,2003.28493150685,0.0431790111930985,0.0198767094169989,1.95996398454005,0.00422137660461246,0.0821366457815844,TRUE,1,1,135428,"mean",16.8239165416563
2003-05-15,16.23,2003.36712328767,5,0.36712328767112,"s(decimaldate)","decimaldate",NA,NA,2003.36712328767,0.0430496653934935,0.019803551369373,1.95996398454005,0.00423541794353353,0.0818639128434535,TRUE,1,1,135428,"mean",16.8274601658603
2003-06-15,15.2916666666667,2003.45205479452,6,0.452054794520564,"s(decimaldate)","decimaldate",NA,NA,2003.45205479452,0.042918589015355,0.0197169219605564,1.95996398454005,0.00427413208667755,0.0815630459440325,TRUE,1,1,135428,"mean",16.8311108517865
2003-07-15,16.2333333333333,2003.53424657534,7,0.534246575342422,"s(decimaldate)","decimaldate",NA,NA,2003.53424657534,0.0427941091235007,0.0196348367377587,1.95996398454005,0.00431053627516981,0.0812776819718316,TRUE,1,1,135428,"mean",16.8346332734067
2003-08-15,16.9666666666667,2003.61917808219,8,0.619178082191866,"s(decimaldate)","decimaldate",NA,NA,2003.61917808219,0.0426677669783394,0.0195500222780871,1.95996398454005,0.00435042741633293,0.0809851065403458,TRUE,1,1,135428,"mean",16.838262457658
2003-09-15,17.8733333333333,2003.70410958904,9,0.704109589041082,"s(decimaldate)","decimaldate",NA,NA,2003.70410958904,0.0425437511253788,0.0194548955103959,1.95996398454005,0.00441285660201285,0.0806746456487447,TRUE,1,1,135428,"mean",16.8418810103147
2003-11-15,14.5666666666667,2003.87123287671,11,0.871232876712384,"s(decimaldate)","decimaldate",NA,NA,2003.87123287671,0.0423062688038282,0.0192894845683608,1.95996398454005,0.00449957376949989,0.0801129638381565,TRUE,1,1,135428,"mean",16.8489710910107
2003-12-15,16.35,2003.95342465753,12,0.953424657534242,"s(decimaldate)","decimaldate",NA,NA,2003.95342465753,0.0421925764920402,0.0192210203311547,1.95996398454005,0.00452006889686492,0.0798650840872154,TRUE,1,1,135428,"mean",16.8524436311501
2004-01-15,17.9433333333333,2004.03825136612,1,0.0382513661202211,"s(decimaldate)","decimaldate",NA,NA,2004.03825136612,0.0420770580951364,0.0191380686410993,1.95996398454005,0.0045671328249263,0.0795869833653465,TRUE,1,1,135428,"mean",16.8560177743191
2004-02-15,17.1333333333333,2004.12295081967,2,0.122950819672042,"s(decimaldate)","decimaldate",NA,NA,2004.12295081967,0.041963155927976,0.0190458084167705,1.95996398454005,0.00463405737465591,0.0792922544812961,TRUE,1,1,135428,"mean",16.8595768422127
2004-04-15,15.8266666666667,2004.2868852459,4,0.286885245901658,"s(decimaldate)","decimaldate",NA,NA,2004.2868852459,0.0417456186819341,0.0188886664626631,1.95996398454005,0.00472451269912481,0.0787667246647435,TRUE,1,1,135428,"mean",16.8664381646539
2004-05-15,15.85,2004.36885245902,5,0.368852459016352,"s(decimaldate)","decimaldate",NA,NA,2004.36885245902,0.0416380793433603,0.0188242399242162,1.95996398454005,0.00474324705555551,0.0785329116311651,TRUE,1,1,135428,"mean",16.8698555222336
2004-06-15,14.8266666666667,2004.45355191257,6,0.4535519125684,"s(decimaldate)","decimaldate",NA,NA,2004.45355191257,0.0415274951492313,0.0187425012328431,1.95996398454005,0.00479286775266136,0.0782621225458013,TRUE,1,1,135428,"mean",16.873377556631
2004-07-15,14.8966666666667,2004.53551912568,7,0.535519125683095,"s(decimaldate)","decimaldate",NA,NA,2004.53551912568,0.0414205395387705,0.0186586006364781,1.95996398454005,0.00485035428935738,0.0779907247881836,TRUE,1,1,135428,"mean",16.8767770655873
2004-09-15,16.92,2004.70491803279,9,0.704918032786964,"s(decimaldate)","decimaldate",NA,NA,2004.70491803279,0.0411973416707219,0.0184957734148719,1.95996398454005,0.00494629191135947,0.0774483914300843,TRUE,1,1,135428,"mean",16.8837748018003
2004-11-15,15.6833333333333,2004.87158469945,11,0.871584699453479,"s(decimaldate)","decimaldate",NA,NA,2004.87158469945,0.0409739217472636,0.0183370224158195,1.95996398454005,0.0050340182285538,0.0769138252659735,TRUE,1,1,135428,"mean",16.8906224567985
2005-02-15,17.85,2005.12328767123,2,0.123287671232902,"s(decimaldate)","decimaldate",NA,NA,2005.12328767123,0.0406282213697168,0.0181157904224633,1.95996398454005,0.00512192459021312,0.0761345181492205,TRUE,1,1,135428,"mean",16.9008924214235
2005-03-15,19.8933333333333,2005.2,3,0.200000000000045,"s(decimaldate)","decimaldate",NA,NA,2005.2,0.0405207909203444,0.0180627983277378,1.95996398454005,0.00511835673796793,0.0759232251027208,TRUE,1,1,135428,"mean",16.9040049896327
2005-04-15,17.0666666666667,2005.28493150685,4,0.284931506849261,"s(decimaldate)","decimaldate",NA,NA,2005.28493150685,0.0404009632601933,0.0180000979202181,1.95996398454005,0.00512141961837148,0.0756805069020151,TRUE,1,1,135428,"mean",16.907441396211
2005-05-15,15.9666666666667,2005.36712328767,5,0.36712328767112,"s(decimaldate)","decimaldate",NA,NA,2005.36712328767,0.0402843694360498,0.0179195618077028,1.95996398454005,0.0051626736742128,0.0754060651978869,TRUE,1,1,135428,"mean",16.9107572323413
2005-06-15,16.5366666666667,2005.45205479452,6,0.452054794520564,"s(decimaldate)","decimaldate",NA,NA,2005.45205479452,0.0401635056497918,0.0178442459893026,1.95996398454005,0.00518942617948528,0.0751375851200982,TRUE,1,1,135428,"mean",16.9141735113969
2005-08-15,18.8233333333333,2005.61917808219,8,0.619178082191866,"s(decimaldate)","decimaldate",NA,NA,2005.61917808219,0.0399251230305437,0.0177008592315788,1.95996398454005,0.00523207644123596,0.0746181696198515,TRUE,1,1,135428,"mean",16.9208658522152
2005-09-15,16.9666666666667,2005.70410958904,9,0.704109589041082,"s(decimaldate)","decimaldate",NA,NA,2005.70410958904,0.0398039237366868,0.0176409980108385,1.95996398454005,0.00522820298410066,0.074379644489273,TRUE,1,1,135428,"mean",16.9242516026779
2005-11-15,16.0433333333333,2005.87123287671,11,0.871232876712384,"s(decimaldate)","decimaldate",NA,NA,2005.87123287671,0.0395665718331217,0.0174954499752719,1.95996398454005,0.00527611998826656,0.0738570236779768,TRUE,1,1,135428,"mean",16.9308839001062
2006-01-15,16.8733333333333,2006.03835616438,1,0.0383561643834582,"s(decimaldate)","decimaldate",NA,NA,2006.03835616438,0.0393309468870737,0.0173751050905993,1.95996398454005,0.00527636668190053,0.0733855270922468,TRUE,1,1,135428,"mean",16.9374766790672
2006-02-15,18.4666666666667,2006.12328767123,2,0.123287671232902,"s(decimaldate)","decimaldate",NA,NA,2006.12328767123,0.0392116371606167,0.0173079400707682,1.95996398454005,0.00528869797533339,0.0731345763459001,TRUE,1,1,135428,"mean",16.9408120453826
2006-04-15,13.2766666666667,2006.28493150685,4,0.284931506849261,"s(decimaldate)","decimaldate",NA,NA,2006.28493150685,0.0389840465384823,0.0171865681226044,1.95996398454005,0.00529899200033351,0.072669101076631,TRUE,1,1,135428,"mean",16.9471319813908
2006-05-15,18.16,2006.36712328767,5,0.36712328767112,"s(decimaldate)","decimaldate",NA,NA,2006.36712328767,0.038867588144888,0.017142660194934,1.95996398454005,0.00526859156360905,0.0724665847261669,TRUE,1,1,135428,"mean",16.9503313671336
2006-06-15,15.2433333333333,2006.45205479452,6,0.452054794520564,"s(decimaldate)","decimaldate",NA,NA,2006.45205479452,0.0387461628320836,0.017078007261164,1.95996398454005,0.00527388367248868,0.0722184419916786,TRUE,1,1,135428,"mean",16.9536273001524
2006-07-15,17.99,2006.53424657534,7,0.534246575342422,"s(decimaldate)","decimaldate",NA,NA,2006.53424657534,0.0386274855293981,0.0170097241913428,1.95996398454005,0.00528903872740653,0.0719659323313896,TRUE,1,1,135428,"mean",16.956807043945
2006-09-15,18.6566666666667,2006.70410958904,9,0.704109589041082,"s(decimaldate)","decimaldate",NA,NA,2006.70410958904,0.0383800490774965,0.0168811138955893,1.95996398454005,0.00529367382322291,0.0714664243317702,TRUE,1,1,135428,"mean",16.9633474335447
2006-11-15,16.8966666666667,2006.87123287671,11,0.871232876712384,"s(decimaldate)","decimaldate",NA,NA,2006.87123287671,0.0381362553771196,0.0167803201205386,1.95996398454005,0.00524743229181109,0.0710250784624281,TRUE,1,1,135428,"mean",16.9697412374839
2006-12-15,18.0366666666667,2006.95342465753,12,0.953424657534242,"s(decimaldate)","decimaldate",NA,NA,2006.95342465753,0.0380169765527702,0.0167299938795049,1.95996398454005,0.00522679108736511,0.0708071620181754,TRUE,1,1,135428,"mean",16.9728708162699
2007-01-15,18.0866666666667,2007.03835616438,1,0.0383561643834582,"s(decimaldate)","decimaldate",NA,NA,2007.03835616438,0.037894440429809,0.0166820019280152,1.95996398454005,0.00519831746087152,0.0705905633987464,TRUE,1,1,135428,"mean",16.9760944432349
2007-02-15,18.525,2007.12328767123,2,0.123287671232902,"s(decimaldate)","decimaldate",NA,NA,2007.12328767123,0.0377730130109211,0.0166205031585339,1.95996398454005,0.00519742541526052,0.0703486006065816,TRUE,1,1,135428,"mean",16.9793077066851
2007-03-15,20.7766666666667,2007.2,3,0.200000000000045,"s(decimaldate)","decimaldate",NA,NA,2007.2,0.0376646875630862,0.0165799253538899,1.95996398454005,0.00516863100309942,0.0701607441230729,TRUE,1,1,135428,"mean",16.9822011958475
2007-04-15,14.8733333333333,2007.28493150685,4,0.284931506849261,"s(decimaldate)","decimaldate",NA,NA,2007.28493150685,0.0375465458903983,0.0165212128435585,1.95996398454005,0.00516556373610313,0.0699275280446935,TRUE,1,1,135428,"mean",16.9853950813279
2007-05-15,15.35,2007.36712328767,5,0.36712328767112,"s(decimaldate)","decimaldate",NA,NA,2007.36712328767,0.0374339402512602,0.0164758490846623,1.95996398454005,0.00514186943060491,0.0697260110719154,TRUE,1,1,135428,"mean",16.9884764582851
2007-06-15,15.1233333333333,2007.45205479452,6,0.452054794520564,"s(decimaldate)","decimaldate",NA,NA,2007.45205479452,0.0373189895070859,0.0164228996029488,1.95996398454005,0.00513069776358909,0.0695072812505827,TRUE,1,1,135428,"mean",16.9916508868226
2007-07-15,15.8,2007.53424657534,7,0.534246575342422,"s(decimaldate)","decimaldate",NA,NA,2007.53424657534,0.0372086608799725,0.0163649036423316,1.95996398454005,0.00513403913053426,0.0692832826294107,TRUE,1,1,135428,"mean",16.9947136599531
2007-09-15,16.1866666666667,2007.70410958904,9,0.704109589041082,"s(decimaldate)","decimaldate",NA,NA,2007.70410958904,0.0369818652342737,0.0162591189927275,1.95996398454005,0.00511457758817669,0.0688491528803706,TRUE,1,1,135428,"mean",17.0010147552983
2007-11-15,15.9666666666667,2007.87123287671,11,0.871232876712384,"s(decimaldate)","decimaldate",NA,NA,2007.87123287671,0.0367585017761113,0.0161815393118669,1.95996398454005,0.00504326751043316,0.0684737360417895,TRUE,1,1,135428,"mean",17.007176636626
2007-12-15,17.35,2007.95342465753,12,0.953424657534242,"s(decimaldate)","decimaldate",NA,NA,2007.95342465753,0.0366482128427686,0.0161398049024887,1.95996398454005,0.00501477651638779,0.0682816491691494,TRUE,1,1,135428,"mean",17.0101933497264
2008-01-15,18.3733333333333,2008.03825136612,1,0.0382513661202211,"s(decimaldate)","decimaldate",NA,NA,2008.03825136612,0.0365343001935105,0.0161049644369323,1.95996398454005,0.00496914992482486,0.0680994504621962,TRUE,1,1,135428,"mean",17.0132972628838
2008-02-15,17.8033333333333,2008.12295081967,2,0.122950819672042,"s(decimaldate)","decimaldate",NA,NA,2008.12295081967,0.0364205167425845,0.0160560489936528,1.95996398454005,0.0049512389810145,0.0678897945041545,TRUE,1,1,135428,"mean",17.0163868777369
2008-03-15,16.7066666666667,2008.20218579235,3,0.202185792349837,"s(decimaldate)","decimaldate",NA,NA,2008.20218579235,0.036313752657776,0.016021052345202,1.95996398454005,0.00491306706674909,0.067714438248803,TRUE,1,1,135428,"mean",17.0192684279636
2008-04-15,17.0366666666667,2008.2868852459,4,0.286885245901658,"s(decimaldate)","decimaldate",NA,NA,2008.2868852459,0.0361988462733225,0.0159813456949882,1.95996398454005,0.00487598428666145,0.0675217082599835,TRUE,1,1,135428,"mean",17.0223393216367
2008-05-15,17.3733333333333,2008.36885245902,5,0.368852459016352,"s(decimaldate)","decimaldate",NA,NA,2008.36885245902,0.0360867300466248,0.0159389413087701,1.95996398454005,0.00484697912973762,0.067326480963512,TRUE,1,1,135428,"mean",17.0253018486843
2008-06-15,17.2066666666667,2008.45355191257,6,0.4535519125684,"s(decimaldate)","decimaldate",NA,NA,2008.45355191257,0.0359702659112487,0.0159080202558742,1.95996398454005,0.00479111914440168,0.0671494126780957,TRUE,1,1,135428,"mean",17.0283534426346
2008-07-15,18.7266666666667,2008.53551912568,7,0.535519125683095,"s(decimaldate)","decimaldate",NA,NA,2008.53551912568,0.0358575310829474,0.0158636901204325,1.95996398454005,0.00476526978499586,0.066949792380899,TRUE,1,1,135428,"mean",17.0312972008727
2008-08-15,15.5633333333333,2008.62021857923,8,0.620218579234916,"s(decimaldate)","decimaldate",NA,NA,2008.62021857923,0.0357414482025087,0.0158254638843606,1.95996398454005,0.00472410895052259,0.0667587874544949,TRUE,1,1,135428,"mean",17.0343293923868
2008-10-15,15.2066666666667,2008.7868852459,10,0.786885245901658,"s(decimaldate)","decimaldate",NA,NA,2008.7868852459,0.0355140976071425,0.0157447540045765,1.95996398454005,0.00465494681272982,0.0663732484015552,TRUE,1,1,135428,"mean",17.040267334903
2008-12-15,17.2766666666667,2008.95355191257,12,0.9535519125684,"s(decimaldate)","decimaldate",NA,NA,2008.95355191257,0.0352865931616301,0.0156923776806752,1.95996398454005,0.00453009807570643,0.0660430882475538,TRUE,1,1,135428,"mean",17.0461674068108
2009-01-15,17.85,2009.03835616438,1,0.0383561643834582,"s(decimaldate)","decimaldate",NA,NA,2009.03835616438,0.0351701784412362,0.0156693944828283,1.95996398454005,0.00445872959534209,0.0658816272871303,TRUE,1,1,135428,"mean",17.049154925651
2009-02-15,19.1366666666667,2009.12328767123,2,0.123287671232902,"s(decimaldate)","decimaldate",NA,NA,2009.12328767123,0.0350531379312064,0.0156451830956301,1.95996398454005,0.00438914253223664,0.0657171333301762,TRUE,1,1,135428,"mean",17.052137011713
2009-03-15,22.4166666666667,2009.2,3,0.200000000000045,"s(decimaldate)","decimaldate",NA,NA,2009.2,0.034947493035057,0.0156122790059792,1.95996398454005,0.00434798846674701,0.065546997603367,TRUE,1,1,135428,"mean",17.0548219627387
2009-04-15,16.6133333333333,2009.28493150685,4,0.284931506849261,"s(decimaldate)","decimaldate",NA,NA,2009.28493150685,0.0348314550393765,0.0155928060677506,1.95996398454005,0.00427011672866775,0.0653927933500852,TRUE,1,1,135428,"mean",17.0577851658247
2009-05-15,16.5633333333333,2009.36712328767,5,0.36712328767112,"s(decimaldate)","decimaldate",NA,NA,2009.36712328767,0.0347207777003289,0.0155598281203239,1.95996398454005,0.00422407497886045,0.0652174804217973,TRUE,1,1,135428,"mean",17.0606434616911
2009-06-15,15.4216666666667,2009.45205479452,6,0.452054794520564,"s(decimaldate)","decimaldate",NA,NA,2009.45205479452,0.0346083954503488,0.0155404397810745,1.95996398454005,0.00414969317552931,0.0650670977251682,TRUE,1,1,135428,"mean",17.0635875605779
2009-07-15,16.0366666666667,2009.53424657534,7,0.534246575342422,"s(decimaldate)","decimaldate",NA,NA,2009.53424657534,0.034501410846137,0.0155148532027072,1.95996398454005,0.00409285734340499,0.0649099643488691,TRUE,1,1,135428,"mean",17.0664276764951
2009-08-15,17.0633333333333,2009.61917808219,8,0.619178082191866,"s(decimaldate)","decimaldate",NA,NA,2009.61917808219,0.0343923057178904,0.0154778701882615,1.95996398454005,0.00405623759151168,0.064728373844269,TRUE,1,1,135428,"mean",17.0693532888023
2009-10-15,14.7533333333333,2009.78630136986,10,0.78630136986294,"s(decimaldate)","decimaldate",NA,NA,2009.78630136986,0.034180542448274,0.015434735596717,1.95996398454005,0.00392901656781027,0.0644320683287378,TRUE,1,1,135428,"mean",17.0750832971057
2009-11-15,16.56,2009.87123287671,11,0.871232876712384,"s(decimaldate)","decimaldate",NA,NA,2009.87123287671,0.0340740564558884,0.0154209800327151,1.95996398454005,0.0038494909854556,0.0642986219263213,TRUE,1,1,135428,"mean",17.0779817739876
2010-01-15,17.9433333333333,2010.03835616438,1,0.0383561643834582,"s(decimaldate)","decimaldate",NA,NA,2010.03835616438,0.0338658486520901,0.0153768723146021,1.95996398454005,0.00372773272059884,0.0640039645835813,TRUE,1,1,135428,"mean",17.0836589180837
2010-03-15,18.4433333333333,2010.2,3,0.200000000000045,"s(decimaldate)","decimaldate",NA,NA,2010.2,0.033666309934299,0.0153620003838012,1.95996398454005,0.00355734245155814,0.0637752774170398,TRUE,1,1,135428,"mean",17.0891169627669
2010-04-15,16.8733333333333,2010.28493150685,4,0.284931506849261,"s(decimaldate)","decimaldate",NA,NA,2010.28493150685,0.0335622793146756,0.0153536919715114,1.95996398454005,0.00346959602079154,0.0636549626085597,TRUE,1,1,135428,"mean",17.0919718697347
2010-05-15,15.2566666666667,2010.36712328767,5,0.36712328767112,"s(decimaldate)","decimaldate",NA,NA,2010.36712328767,0.0334619824150691,0.0153466155015484,1.95996398454005,0.00338316874745011,0.0635407960826881,TRUE,1,1,135428,"mean",17.0947262873953
2010-06-15,16.7066666666667,2010.45205479452,6,0.452054794520564,"s(decimaldate)","decimaldate",NA,NA,2010.45205479452,0.033358607934426,0.015322026967682,1.95996398454005,0.0033279869076177,0.0633892289612342,TRUE,1,1,135428,"mean",17.0975638703614
2010-08-15,17.7166666666667,2010.61917808219,8,0.619178082191866,"s(decimaldate)","decimaldate",NA,NA,2010.61917808219,0.0331560296664868,0.0152996874878255,1.95996398454005,0.00316919321563072,0.0631428661173429,TRUE,1,1,135428,"mean",17.1031219222794
2010-10-15,15.2066666666667,2010.78630136986,10,0.78630136986294,"s(decimaldate)","decimaldate",NA,NA,2010.78630136986,0.0329543264905909,0.0152851314266257,1.95996398454005,0.00299601939544313,0.0629126335857387,TRUE,1,1,135428,"mean",17.1086461993513
2010-12-15,19.3733333333333,2010.95342465753,12,0.953424657534242,"s(decimaldate)","decimaldate",NA,NA,2010.95342465753,0.0327529729856399,0.0152827360321847,1.95996398454005,0.00279936077732531,0.0627065851939545,TRUE,1,1,135428,"mean",17.1141368037754
2011-01-15,17.8733333333333,2011.03835616438,1,0.0383561643834582,"s(decimaldate)","decimaldate",NA,NA,2011.03835616438,0.0326509277256132,0.0152813182205218,1.95996398454005,0.00270009437709465,0.0626017610741317,TRUE,1,1,135428,"mean",17.1169142239589
2011-03-15,18.7066666666667,2011.2,3,0.200000000000045,"s(decimaldate)","decimaldate",NA,NA,2011.2,0.0324589248293138,0.0152816309031242,1.95996398454005,0.00250747863415602,0.0624103710244716,TRUE,1,1,135428,"mean",17.1221764768963
2011-04-15,15.9233333333333,2011.28493150685,4,0.284931506849261,"s(decimaldate)","decimaldate",NA,NA,2011.28493150685,0.0323593157280506,0.0152962019551163,1.95996398454005,0.00237931079577146,0.0623393206603297,TRUE,1,1,135428,"mean",17.1249290252527
2011-05-15,16.5133333333333,2011.36712328767,5,0.36712328767112,"s(decimaldate)","decimaldate",NA,NA,2011.36712328767,0.0322635592095052,0.0152980745682355,1.95996398454005,0.0022798840229555,0.0622472343960549,TRUE,1,1,135428,"mean",17.1275847543003
2011-06-15,17.11,2011.45205479452,6,0.452054794520564,"s(decimaldate)","decimaldate",NA,NA,2011.45205479452,0.0321652074812929,0.0153035482632407,1.95996398454005,0.00217080404967066,0.0621596109129152,TRUE,1,1,135428,"mean",17.1303207633792
2011-07-15,16.7483333333333,2011.53424657534,7,0.534246575342422,"s(decimaldate)","decimaldate",NA,NA,2011.53424657534,0.032070742344281,0.0153070560613958,1.95996398454005,0.00206946375460968,0.0620720209339523,TRUE,1,1,135428,"mean",17.1329605891358
2011-08-15,17.8616666666667,2011.61917808219,8,0.619178082191866,"s(decimaldate)","decimaldate",NA,NA,2011.61917808219,0.0319740728572045,0.0153158517061642,1.95996398454005,0.00195555512056626,0.0619925905938427,TRUE,1,1,135428,"mean",17.1356802912444
2011-09-15,17.4933333333333,2011.70410958904,9,0.704109589041082,"s(decimaldate)","decimaldate",NA,NA,2011.70410958904,0.0318784038372088,0.0153227585747676,1.95996398454005,0.00184634888686191,0.0619104587875556,TRUE,1,1,135428,"mean",17.1383918254514
2011-10-15,16.2066666666667,2011.78630136986,10,0.78630136986294,"s(decimaldate)","decimaldate",NA,NA,2011.78630136986,0.0317867912943902,0.0153194581010664,1.95996398454005,0.00176120515362979,0.0618123774351506,TRUE,1,1,135428,"mean",17.1410081946663
2011-12-15,18.3733333333333,2011.95342465753,12,0.953424657534242,"s(decimaldate)","decimaldate",NA,NA,2011.95342465753,0.031603935499415,0.0153418135421086,1.95996398454005,0.00153453349935331,0.0616733374994766,TRUE,1,1,135428,"mean",17.1463051565995
2012-01-15,18.3733333333333,2012.03825136612,1,0.0382513661202211,"s(decimaldate)","decimaldate",NA,NA,2012.03825136612,0.0315131296463829,0.0153677325862458,1.95996398454005,0.00139292725329857,0.0616333320394672,TRUE,1,1,135428,"mean",17.1489821498731
2012-02-15,18.8733333333333,2012.12295081967,2,0.122950819672042,"s(decimaldate)","decimaldate",NA,NA,2012.12295081967,0.0314241188610233,0.0153845997884976,1.95996398454005,0.00127085735900543,0.0615773803630411,TRUE,1,1,135428,"mean",17.1516475102703
2012-03-15,19.3966666666667,2012.20218579235,3,0.202185792349837,"s(decimaldate)","decimaldate",NA,NA,2012.20218579235,0.0313425895310922,0.015395355422452,1.95996398454005,0.00116824737389288,0.0615169316882915,TRUE,1,1,135428,"mean",17.1541341554449
2012-04-15,18.56,2012.2868852459,4,0.286885245901658,"s(decimaldate)","decimaldate",NA,NA,2012.2868852459,0.0312576887293301,0.0154184395427711,1.95996398454005,0.00103810252769056,0.0614772749309696,TRUE,1,1,135428,"mean",17.1567852399268
2012-05-15,16.78,2012.36885245902,5,0.368852459016352,"s(decimaldate)","decimaldate",NA,NA,2012.36885245902,0.0311782100551384,0.0154301479582887,1.95996398454005,0.000935675780768197,0.0614207443295086,TRUE,1,1,135428,"mean",17.1593440662653
2012-06-15,15.2066666666667,2012.45355191257,6,0.4535519125684,"s(decimaldate)","decimaldate",NA,NA,2012.45355191257,0.0310992803814577,0.0154562624519747,1.95996398454005,0.000805562639988554,0.0613929981229269,TRUE,1,1,135428,"mean",17.1619814749431
2012-07-15,16.7488888888889,2012.53551912568,7,0.535519125683095,"s(decimaldate)","decimaldate",NA,NA,2012.53551912568,0.0310260400060111,0.0154720833652938,1.95996398454005,0.000701313844234008,0.0613507661677882,TRUE,1,1,135428,"mean",17.1645275721202
2012-08-15,16.7075,2012.62021857923,8,0.620218579234916,"s(decimaldate)","decimaldate",NA,NA,2012.62021857923,0.0309532727911688,0.0154872568388981,1.95996398454005,0.000598807167606814,0.0613077384147308,TRUE,1,1,135428,"mean",17.1671523579434
2012-10-15,16.3,2012.7868852459,10,0.786885245901658,"s(decimaldate)","decimaldate",NA,NA,2012.7868852459,0.0308173704161712,0.015525807914409,1.95996398454005,0.000387346073042596,0.0612473947592998,TRUE,1,1,135428,"mean",17.172299780851
2012-12-15,16.8733333333333,2012.95355191257,12,0.9535519125684,"s(decimaldate)","decimaldate",NA,NA,2012.95355191257,0.0306907183521263,0.0155926428191701,1.95996398454005,0.000129700002755775,0.0612517367014968,TRUE,1,1,135428,"mean",17.1774253205961
2013-01-15,16.3,2013.03835616438,1,0.0383561643834582,"s(decimaldate)","decimaldate",NA,NA,2013.03835616438,0.0306296792182928,0.0156249622377763,1.95996398454005,5.31597245297805e-06,0.0612540424641326,TRUE,1,1,135428,"mean",17.1800254201149
2013-02-15,18.87,2013.12328767123,2,0.123287671232902,"s(decimaldate)","decimaldate",NA,NA,2013.12328767123,0.0305703900297435,0.0156521288669028,1.95996398454005,-0.000107218830765768,0.0612479988902528,FALSE,1,0,135428,"mean",17.182624314142
2013-04-15,16.6333333333333,2013.28493150685,4,0.284931506849261,"s(decimaldate)","decimaldate",NA,NA,2013.28493150685,0.0304613921331863,0.0157134696060292,1.95996398454005,-0.000336442366795739,0.0612592266331683,FALSE,1,0,135428,"mean",17.187556951412
2013-05-15,15.8966666666667,2013.36712328767,5,0.36712328767112,"s(decimaldate)","decimaldate",NA,NA,2013.36712328767,0.0304077458215925,0.0157565073436883,1.95996398454005,-0.000474441094177318,0.0612899327373624,FALSE,1,0,135428,"mean",17.1900584127559
2013-06-15,16.1833333333333,2013.45205479452,6,0.452054794520564,"s(decimaldate)","decimaldate",NA,NA,2013.45205479452,0.0303534143563482,0.0157954782491468,1.95996398454005,-0.000605154130565444,0.0613119828432618,FALSE,1,0,135428,"mean",17.1926386717434
2013-07-15,16.85,2013.53424657534,7,0.534246575342422,"s(decimaldate)","decimaldate",NA,NA,2013.53424657534,0.0303017773439658,0.0158294423217542,1.95996398454005,-0.000723359502026542,0.0613269141899581,FALSE,1,0,135428,"mean",17.1951313435217
2013-08-15,18.8466666666667,2013.61917808219,8,0.619178082191866,"s(decimaldate)","decimaldate",NA,NA,2013.61917808219,0.0302493768735577,0.0158612607492317,1.95996398454005,-0.000838122944335128,0.0613368766914506,FALSE,1,0,135428,"mean",17.1977026849418
2013-10-15,16.0866666666667,2013.78630136986,10,0.78630136986294,"s(decimaldate)","decimaldate",NA,NA,2013.78630136986,0.0301497936186017,0.0159343476135837,1.95996398454005,-0.00108095382116412,0.0613805410583676,FALSE,1,0,135428,"mean",17.2027496633386
2013-12-15,16.7066666666667,2013.95342465753,12,0.953424657534242,"s(decimaldate)","decimaldate",NA,NA,2013.95342465753,0.0300555092621291,0.0160324785359825,1.95996398454005,-0.00136757125130794,0.0614785897755662,FALSE,1,0,135428,"mean",17.2077804372169
2014-01-15,19.43,2014.03835616438,1,0.0383561643834582,"s(decimaldate)","decimaldate",NA,NA,2014.03835616438,0.0300096243749365,0.0160828026501794,1.95996398454005,-0.00151208958988046,0.0615313383397535,FALSE,1,0,135428,"mean",17.2103311373879
2014-02-15,18.3233333333333,2014.12328767123,2,0.123287671232902,"s(decimaldate)","decimaldate",NA,NA,2014.12328767123,0.0299650252926127,0.0161232942807376,1.95996398454005,-0.0016360508097737,0.0615661013949991,FALSE,1,0,135428,"mean",17.2128779951612
2014-04-15,16.61,2014.28493150685,4,0.284931506849261,"s(decimaldate)","decimaldate",NA,NA,2014.28493150685,0.0298841922570094,0.0162164295843456,1.95996398454005,-0.00189942568613775,0.0616678102001566,FALSE,1,0,135428,"mean",17.2177150465518
2014-05-15,17.2766666666667,2014.36712328767,5,0.36712328767112,"s(decimaldate)","decimaldate",NA,NA,2014.36712328767,0.0298452369270492,0.016278652237518,1.95996398454005,-0.00206033517533841,0.0617508090294368,FALSE,1,0,135428,"mean",17.2201696685017
2014-06-15,16.92,2014.45205479452,6,0.452054794520564,"s(decimaldate)","decimaldate",NA,NA,2014.45205479452,0.0298064941858772,0.0163347709609546,1.95996398454005,-0.00220906859330458,0.061822056965059,FALSE,1,0,135428,"mean",17.2227028106626
2014-07-15,17.3483333333333,2014.53424657534,7,0.534246575342422,"s(decimaldate)","decimaldate",NA,NA,2014.53424657534,0.0297706491857573,0.0163684832085065,1.95996398454005,-0.0023109883844641,0.0618522867559786,FALSE,1,0,135428,"mean",17.2251511725993
2014-09-15,19.2266666666667,2014.70410958904,9,0.704109589041082,"s(decimaldate)","decimaldate",NA,NA,2014.70410958904,0.0297030555519677,0.0164840920533779,1.95996398454005,-0.00260517119049589,0.0620112822944313,FALSE,1,0,135428,"mean",17.2302022261298
2014-10-15,16.4,2014.78630136986,10,0.78630136986294,"s(decimaldate)","decimaldate",NA,NA,2014.78630136986,0.0296740053648423,0.0165209625232178,1.95996398454005,-0.00270648617060054,0.0620544969002851,FALSE,1,0,135428,"mean",17.2326423590024
2015-01-15,18.4,2015.03835616438,1,0.0383561643834582,"s(decimaldate)","decimaldate",NA,NA,2015.03835616438,0.0296037580985944,0.01670584561417,1.95996398454005,-0.00313909763646514,0.062346613833654,FALSE,1,0,135428,"mean",17.2401123599151
2015-02-15,18.3333333333333,2015.12328767123,2,0.123287671232902,"s(decimaldate)","decimaldate",NA,NA,2015.12328767123,0.0295866436088418,0.0167896225709623,1.95996398454005,-0.00332041194426499,0.0624936991619486,FALSE,1,0,135428,"mean",17.2426258991551
2015-04-15,16.4666666666667,2015.28493150685,4,0.284931506849261,"s(decimaldate)","decimaldate",NA,NA,2015.28493150685,0.0295628622767926,0.0169184963258679,1.95996398454005,-0.00359678119448172,0.062722505748067,FALSE,1,0,135428,"mean",17.2474063201075
2015-05-15,16.85,2015.36712328767,5,0.36712328767112,"s(decimaldate)","decimaldate",NA,NA,2015.36712328767,0.0295550685092207,0.0169957164288458,1.95996398454005,-0.00375592358277276,0.0628660606012142,FALSE,1,0,135428,"mean",17.2498358030727
2015-06-15,17.61,2015.45205479452,6,0.452054794520564,"s(decimaldate)","decimaldate",NA,NA,2015.45205479452,0.0295500967063035,0.0170748018824918,1.95996398454005,-0.00391590002653713,0.0630160934391441,FALSE,1,0,135428,"mean",17.2523457236607
2015-07-15,17.5833333333333,2015.53424657534,7,0.534246575342422,"s(decimaldate)","decimaldate",NA,NA,2015.53424657534,0.0295485206611867,0.0171330303176573,1.95996398454005,-0.00403160170745447,0.0631286430298279,FALSE,1,0,135428,"mean",17.2547744089436
2015-08-15,16.3466666666667,2015.61917808219,8,0.619178082191866,"s(decimaldate)","decimaldate",NA,NA,2015.61917808219,0.029550529637094,0.0172081641583082,1.95996398454005,-0.00417685235324314,0.0632779116274312,FALSE,1,0,135428,"mean",17.2572840660029
2015-10-15,15.16,2015.78630136986,10,0.78630136986294,"s(decimaldate)","decimaldate",NA,NA,2015.78630136986,0.0295648729228142,0.0173441320446007,1.95996398454005,-0.00442900122771019,0.0635587470733386,FALSE,1,0,135428,"mean",17.2622236570386
2015-12-15,16.49,2015.95342465753,12,0.953424657534242,"s(decimaldate)","decimaldate",NA,NA,2015.95342465753,0.029590865972929,0.0175111758127552,1.95996398454005,-0.00473040794702016,0.0639121398928782,FALSE,1,0,135428,"mean",17.2671666672098
2016-01-15,18.7533333333333,2016.03825136612,1,0.0382513661202211,"s(decimaldate)","decimaldate",NA,NA,2016.03825136612,0.0296078339705982,0.0175911414827863,1.95996398454005,-0.00487016978261146,0.0640858377238079,FALSE,1,0,135428,"mean",17.2696774636486
2016-02-15,17.8266666666667,2016.12295081967,2,0.122950819672042,"s(decimaldate)","decimaldate",NA,NA,2016.12295081967,0.0296272533957285,0.0176736362883663,1.95996398454005,-0.00501243720532968,0.0642669439967867,FALSE,1,0,135428,"mean",17.2721860342875
2016-04-15,15.23,2016.2868852459,4,0.286885245901658,"s(decimaldate)","decimaldate",NA,NA,2016.2868852459,0.0296710005867796,0.0178318040006241,1.95996398454005,-0.00527869303382097,0.0646206942073801,FALSE,1,0,135428,"mean",17.277046438837
2016-05-15,16.0866666666667,2016.36885245902,5,0.368852459016352,"s(decimaldate)","decimaldate",NA,NA,2016.36885245902,0.0296953382109904,0.0179268968004608,1.95996398454005,-0.00544073387247904,0.0648314102944599,FALSE,1,0,135428,"mean",17.2794794757092
2016-06-15,16.0633333333333,2016.45355191257,6,0.4535519125684,"s(decimaldate)","decimaldate",NA,NA,2016.45355191257,0.029721552535772,0.0180102356877781,1.95996398454005,-0.00557786076535097,0.065020965836895,FALSE,1,0,135428,"mean",17.2819957568949
2016-07-15,18.54,2016.53551912568,7,0.535519125683095,"s(decimaldate)","decimaldate",NA,NA,2016.53551912568,0.0297478488471514,0.0180993451016681,1.95996398454005,-0.00572621569587959,0.0652219133901824,FALSE,1,0,135428,"mean",17.2844330193735
2016-08-15,16.1566666666667,2016.62021857923,8,0.620218579234916,"s(decimaldate)","decimaldate",NA,NA,2016.62021857923,0.0297761192997155,0.0181857717069013,1.95996398454005,-0.00586733827687867,0.0654195768763096,FALSE,1,0,135428,"mean",17.2869538337023
2016-09-15,16.66,2016.70491803279,9,0.704918032786964,"s(decimaldate)","decimaldate",NA,NA,2016.70491803279,0.0298054154315012,0.018267240790801,1.95996398454005,-0.00599771861538978,0.0656085494783922,FALSE,1,0,135428,"mean",17.2894770878719
2016-11-15,18.5166666666667,2016.87158469945,11,0.871584699453479,"s(decimaldate)","decimaldate",NA,NA,2016.87158469945,0.0298648344612621,0.0184487920656232,1.95996398454005,-0.00629413354562765,0.0660238024681519,FALSE,1,0,135428,"mean",17.2944495800013
2016-12-15,17.3266666666667,2016.95355191257,12,0.9535519125684,"s(decimaldate)","decimaldate",NA,NA,2016.95355191257,0.029894909465425,0.0185527935187826,1.95996398454005,-0.00646789764399698,0.066257716574847,FALSE,1,0,135428,"mean",17.2968987420502
2017-01-15,17.3233333333333,2017.03835616438,1,0.0383561643834582,"s(decimaldate)","decimaldate",NA,NA,2017.03835616438,0.0299271627707712,0.0186492400086559,1.95996398454005,-0.00662467598523774,0.0664790015267801,FALSE,1,0,135428,"mean",17.2994353136072
2017-02-15,18.1366666666667,2017.12328767123,2,0.123287671232902,"s(decimaldate)","decimaldate",NA,NA,2017.12328767123,0.0299607554538597,0.0187343282174205,1.95996398454005,-0.00675785312683701,0.0666793640345564,FALSE,1,0,135428,"mean",17.3019784887181
2017-04-15,15.23,2017.28493150685,4,0.284931506849261,"s(decimaldate)","decimaldate",NA,NA,2017.28493150685,0.0300267529905515,0.0189247026316744,1.95996398454005,-0.00706498258566061,0.0671184885667637,FALSE,1,0,135428,"mean",17.3068267677837
2017-05-15,16.3466666666667,2017.36712328767,5,0.36712328767112,"s(decimaldate)","decimaldate",NA,NA,2017.36712328767,0.030060555741,0.019029276189415,1.95996398454005,-0.00723614024211888,0.067357251724119,FALSE,1,0,135428,"mean",17.3092961089462
2017-06-15,15.92,2017.45205479452,6,0.452054794520564,"s(decimaldate)","decimaldate",NA,NA,2017.45205479452,0.0300950016375905,0.0191368194837961,1.95996398454005,-0.00741247532929428,0.0676024786044753,FALSE,1,0,135428,"mean",17.311850661775
2017-07-15,16.78,2017.53424657534,7,0.534246575342422,"s(decimaldate)","decimaldate",NA,NA,2017.53424657534,0.0301277281718026,0.0192299019758245,1.95996398454005,-0.00756218712704912,0.0678176434706543,FALSE,1,0,135428,"mean",17.3143255691961
2017-08-15,19.37,2017.61917808219,8,0.619178082191866,"s(decimaldate)","decimaldate",NA,NA,2017.61917808219,0.030161082458897,0.0193411850323623,1.95996398454005,-0.00774694362285833,0.0680691085406523,FALSE,1,0,135428,"mean",17.3168857793635
2017-09-15,15.85,2017.70410958904,9,0.704109589041082,"s(decimaldate)","decimaldate",NA,NA,2017.70410958904,0.0301939236129943,0.0194409984016161,1.95996398454005,-0.00790973307767408,0.0682975803036626,FALSE,1,0,135428,"mean",17.3194488023226
2017-10-15,15.1333333333333,2017.78630136986,10,0.78630136986294,"s(decimaldate)","decimaldate",NA,NA,2017.78630136986,0.0302250339996161,0.0195386067900075,1.95996398454005,-0.00806993161688833,0.0685199996161205,FALSE,1,0,135428,"mean",17.321931777711
2017-12-15,17.3266666666667,2017.95342465753,12,0.953424657534242,"s(decimaldate)","decimaldate",NA,NA,2017.95342465753,0.0302846554035266,0.0197517157204554,1.95996398454005,-0.00842799604143955,0.0689973068484927,FALSE,1,0,135428,"mean",17.3269881377168
2018-01-15,18.9666666666667,2018.03835616438,1,0.0383561643834582,"s(decimaldate)","decimaldate",NA,NA,2018.03835616438,0.0303128764757662,0.0198713519454202,1.95996398454005,-0.00863425766137724,0.0692600106129097,FALSE,1,0,135428,"mean",17.3295614664223
2018-02-15,17.7766666666667,2018.12328767123,2,0.123287671232902,"s(decimaldate)","decimaldate",NA,NA,2018.12328767123,0.030339629980277,0.0199748613452962,1.95996398454005,-0.00881037885268477,0.0694896388132388,FALSE,1,0,135428,"mean",17.3321371298635
2018-04-15,16.0166666666667,2018.28493150685,4,0.284931506849261,"s(decimaldate)","decimaldate",NA,NA,2018.28493150685,0.0303861246967439,0.02018948781237,1.95996398454005,-0.00918454428181167,0.0699567936752994,FALSE,1,0,135428,"mean",17.3370451792638
2018-05-15,14.8266666666667,2018.36712328767,5,0.36712328767112,"s(decimaldate)","decimaldate",NA,NA,2018.36712328767,0.030407087677425,0.020303894362262,1.95996398454005,-0.00938781401851435,0.0702019893733643,FALSE,1,0,135428,"mean",17.3395435429834
2018-06-15,18.1566666666667,2018.45205479452,6,0.452054794520564,"s(decimaldate)","decimaldate",NA,NA,2018.45205479452,0.0304262653541038,0.0204228230398566,1.95996398454005,-0.00960173226664993,0.0704542629748575,FALSE,1,0,135428,"mean",17.3421268947782
2018-07-15,16.2533333333333,2018.53424657534,7,0.534246575342422,"s(decimaldate)","decimaldate",NA,NA,2018.53424657534,0.030442068728996,0.0205318679250615,1.95996398454005,-0.00979965293945772,0.0706837903974498,FALSE,1,0,135428,"mean",17.344628349544
2018-08-15,21.2066666666667,2018.61917808219,8,0.619178082191866,"s(decimaldate)","decimaldate",NA,NA,2018.61917808219,0.0304559600787923,0.0206509165710201,1.95996398454005,-0.0100190926481485,0.0709310128057331,FALSE,1,0,135428,"mean",17.3472144451686
2018-09-15,18.8733333333333,2018.70410958904,9,0.704109589041082,"s(decimaldate)","decimaldate",NA,NA,2018.70410958904,0.0304680869915282,0.0207679467217462,1.95996398454005,-0.010236340615941,0.0711725145989975,FALSE,1,0,135428,"mean",17.3498016377112
2018-10-15,16.6566666666667,2018.78630136986,10,0.78630136986294,"s(decimaldate)","decimaldate",NA,NA,2018.78630136986,0.0304789560376786,0.0208738086450076,1.95996398454005,-0.0104329571267172,0.0713908692020744,FALSE,1,0,135428,"mean",17.3523063122417
2018-12-15,17.4433333333333,2018.95342465753,12,0.953424657534242,"s(decimaldate)","decimaldate",NA,NA,2018.95342465753,0.0305006038488636,0.0211123785039951,1.95996398454005,-0.0108788976469444,0.0718801053446717,FALSE,1,0,135428,"mean",17.3574018653143
2019-01-15,17.9433333333333,2019.03835616438,1,0.0383561643834582,"s(decimaldate)","decimaldate",NA,NA,2019.03835616438,0.0305112922533896,0.0212364171374131,1.95996398454005,-0.0111113204966093,0.0721339050033884,FALSE,1,0,135428,"mean",17.3599927822175
2019-02-15,17.61,2019.12328767123,2,0.123287671232902,"s(decimaldate)","decimaldate",NA,NA,2019.12328767123,0.0305214076882148,0.0213576895623157,1.95996398454005,-0.011338894646911,0.0723817100233406,FALSE,1,0,135428,"mean",17.3625845851552
2019-04-15,18.6366666666667,2019.28493150685,4,0.284931506849261,"s(decimaldate)","decimaldate",NA,NA,2019.28493150685,0.03053878713713,0.0215899287812139,1.95996398454005,-0.011776695702834,0.072854269977094,FALSE,1,0,135428,"mean",17.3675196176206
2019-05-15,15.9933333333333,2019.36712328767,5,0.36712328767112,"s(decimaldate)","decimaldate",NA,NA,2019.36712328767,0.0305466206476841,0.0217202372629491,1.95996398454005,-0.0120242621233611,0.0731175034187292,FALSE,1,0,135428,"mean",17.3700299797637
2019-06-15,14.3966666666667,2019.45205479452,6,0.452054794520564,"s(decimaldate)","decimaldate",NA,NA,2019.45205479452,0.0305539082105926,0.0218430184246956,1.95996398454005,-0.0122576212154556,0.0733654376366409,FALSE,1,0,135428,"mean",17.3726246641943
2019-07-15,18.8466666666667,2019.53424657534,7,0.534246575342422,"s(decimaldate)","decimaldate",NA,NA,2019.53424657534,0.0305600207499152,0.0219672895540215,1.95996398454005,-0.0124950756139299,0.0736151171137603,FALSE,1,0,135428,"mean",17.3751361996397
2019-08-15,20.2033333333333,2019.61917808219,8,0.619178082191866,"s(decimaldate)","decimaldate",NA,NA,2019.61917808219,0.0305655094814932,0.0220923823106166,1.95996398454005,-0.012734764180005,0.0738657831429914,FALSE,1,0,135428,"mean",17.3777319444792
2019-09-15,17.3466666666667,2019.70410958904,9,0.704109589041082,"s(decimaldate)","decimaldate",NA,NA,2019.70410958904,0.0305706145717104,0.0222111027140565,1.95996398454005,-0.0129623468047602,0.074103575948181,FALSE,1,0,135428,"mean",17.3803281346626
2019-11-15,16.54,2019.87123287671,11,0.871232876712384,"s(decimaldate)","decimaldate",NA,NA,2019.87123287671,0.0305813712390699,0.0224631164718754,1.95996398454005,-0.0134455280263343,0.0746082705044742,FALSE,1,0,135428,"mean",17.3854380678213
2019-12-15,15.0866666666667,2019.95342465753,12,0.953424657534242,"s(decimaldate)","decimaldate",NA,NA,2019.95342465753,0.0305870648809445,0.0225976855229923,1.95996398454005,-0.0137035848780826,0.0748777146399715,FALSE,1,0,135428,"mean",17.3879518372653
2020-01-15,18.04,2020.03825136612,1,0.0382513661202211,"s(decimaldate)","decimaldate",NA,NA,2020.03825136612,0.0305926295961611,0.0227282366311367,1.95996398454005,-0.0139538956329708,0.0751391548252931,FALSE,1,0,135428,"mean",17.3905466754636
2020-02-15,18.5866666666667,2020.12295081967,2,0.122950819672042,"s(decimaldate)","decimaldate",NA,NA,2020.12295081967,0.0305973355888742,0.0228473197001963,1.95996398454005,-0.014182588166783,0.0753772593445314,FALSE,1,0,135428,"mean",17.3931380595503
2020-04-15,16.3466666666667,2020.2868852459,4,0.286885245901658,"s(decimaldate)","decimaldate",NA,NA,2020.2868852459,0.0306029473489205,0.0231017341183228,1.95996398454005,-0.0146756195034124,0.0758815142012534,FALSE,1,0,135428,"mean",17.3981545413202
2020-05-15,16.9933333333333,2020.36885245902,5,0.368852459016352,"s(decimaldate)","decimaldate",NA,NA,2020.36885245902,0.030603814757674,0.0232338939302594,1.95996398454005,-0.0149337805662582,0.0761414100816063,FALSE,1,0,135428,"mean",17.4006630222633
2020-06-15,17.7733333333333,2020.45355191257,6,0.4535519125684,"s(decimaldate)","decimaldate",NA,NA,2020.45355191257,0.0306033779977734,0.0233706124489445,1.95996398454005,-0.0152021806988013,0.0764089366943481,FALSE,1,0,135428,"mean",17.4032551367657
2020-07-15,19.68,2020.53551912568,7,0.535519125683095,"s(decimaldate)","decimaldate",NA,NA,2020.53551912568,0.030602027772293,0.0234926351710953,1.95996398454005,-0.0154426910649927,0.0766467466095787,FALSE,1,0,135428,"mean",17.4057635567858
2020-08-15,18.1333333333333,2020.62021857923,8,0.620218579234916,"s(decimaldate)","decimaldate",NA,NA,2020.62021857923,0.0306003005236727,0.0236304784519085,1.95996398454005,-0.0157145861795177,0.0769151872268631,FALSE,1,0,135428,"mean",17.4083554566476
2020-09-15,16.5866666666667,2020.70491803279,9,0.704918032786964,"s(decimaldate)","decimaldate",NA,NA,2020.70491803279,0.0305989224896726,0.0237587821592672,1.95996398454005,-0.0159674348590238,0.077165279838369,FALSE,1,0,135428,"mean",17.4109472229686
2020-10-15,16.4666666666667,2020.7868852459,10,0.786885245901658,"s(decimaldate)","decimaldate",NA,NA,2020.7868852459,0.0305980779758965,0.0238832294428206,1.95996398454005,-0.0162121915665384,0.0774083475183315,FALSE,1,0,135428,"mean",17.4134552929167
2020-12-15,17.6666666666667,2020.95355191257,12,0.9535519125684,"s(decimaldate)","decimaldate",NA,NA,2020.95355191257,0.0305968024041475,0.0241403283992728,1.95996398454005,-0.0167173718333966,0.0779109766416916,FALSE,1,0,135428,"mean",17.4185548629881
2021-02-15,19.8966666666667,2021.12328767123,2,0.123287671232902,"s(decimaldate)","decimaldate",NA,NA,2021.12328767123,0.0305957597587386,0.0244106647609026,1.95996398454005,-0.0172482640113115,0.0784397835287887,FALSE,1,0,135428,"mean",17.4237481367454
2021-04-15,18.23,2021.28493150685,4,0.284931506849261,"s(decimaldate)","decimaldate",NA,NA,2021.28493150685,0.0305963436305979,0.0246707606079022,1.95996398454005,-0.0177574586320999,0.0789501458932957,FALSE,1,0,135428,"mean",17.4286937547001
2021-05-15,15.6833333333333,2021.36712328767,5,0.36712328767112,"s(decimaldate)","decimaldate",NA,NA,2021.36712328767,0.0305978116806029,0.0248055527080524,1.95996398454005,-0.0180201782437897,0.0792158016049955,FALSE,1,0,135428,"mean",17.4312085754946
2021-06-15,15.7566666666667,2021.45205479452,6,0.452054794520564,"s(decimaldate)","decimaldate",NA,NA,2021.45205479452,0.0306001336605104,0.0249411868338498,1.95996398454005,-0.0182836942655197,0.0794839615865405,FALSE,1,0,135428,"mean",17.4338073860683
2021-07-15,17.11,2021.53424657534,7,0.534246575342422,"s(decimaldate)","decimaldate",NA,NA,2021.53424657534,0.0306028812207453,0.0250709252910015,1.95996398454005,-0.018535229408712,0.0797409918502026,FALSE,1,0,135428,"mean",17.4363225743104
2021-08-15,17.49,2021.61917808219,8,0.619178082191866,"s(decimaldate)","decimaldate",NA,NA,2021.61917808219,0.0306059993229467,0.0252068071190328,1.95996398454005,-0.0187984347956054,0.0800104334414988,FALSE,1,0,135428,"mean",17.4389218520665
2021-09-15,17.61,2021.70410958904,9,0.704109589041082,"s(decimaldate)","decimaldate",NA,NA,2021.70410958904,0.0306092741941603,0.0253396115222334,1.95996398454005,-0.0190554517716532,0.0802740001599739,FALSE,1,0,135428,"mean",17.4415214011121
2021-10-15,16.1133333333333,2021.78630136986,10,0.78630136986294,"s(decimaldate)","decimaldate",NA,NA,2021.78630136986,0.0306124815536428,0.0254667342600602,1.95996398454005,-0.0193014003999276,0.0805263635072131,FALSE,1,0,135428,"mean",17.4440373610257
2021-12-15,16.4666666666667,2021.95342465753,12,0.953424657534242,"s(decimaldate)","decimaldate",NA,NA,2021.95342465753,0.030618579292228,0.0257267441204146,1.95996398454005,-0.0198049126232622,0.0810420712077182,FALSE,1,0,135428,"mean",17.4491539377584
2022-02-15,19.35,2022.12328767123,2,0.123287671232902,"s(decimaldate)","decimaldate",NA,NA,2022.12328767123,0.0306231737977255,0.0259939130055293,1.95996398454005,-0.0203239595103792,0.0815703071058302,FALSE,1,0,135428,"mean",17.4543553175221
2022-04-15,17.5166666666667,2022.28493150685,4,0.284931506849261,"s(decimaldate)","decimaldate",NA,NA,2022.28493150685,0.0306252975947214,0.0262545402435369,1.95996398454005,-0.0208326557132684,0.0820832509027112,FALSE,1,0,135428,"mean",17.4593055567489
2022-05-15,17.11,2022.36712328767,5,0.36712328767112,"s(decimaldate)","decimaldate",NA,NA,2022.36712328767,0.0306257110335497,0.0263854875785054,1.95996398454005,-0.0210888943348497,0.0823403164019492,FALSE,1,0,135428,"mean",17.4618227200244
2022-06-15,16.4,2022.45205479452,6,0.452054794520564,"s(decimaldate)","decimaldate",NA,NA,2022.45205479452,0.0306257826019874,0.0265242633059799,1.95996398454005,-0.0213608181941906,0.0826123833981653,FALSE,1,0,135428,"mean",17.4644238095562
2022-07-15,17.8,2022.53424657534,7,0.534246575342422,"s(decimaldate)","decimaldate",NA,NA,2022.53424657534,0.0306258375605957,0.0266461167791059,1.95996398454005,-0.0215995916543003,0.0828512667754917,FALSE,1,0,135428,"mean",17.4669409983076
2022-08-15,18.2066666666667,2022.61917808219,8,0.619178082191866,"s(decimaldate)","decimaldate",NA,NA,2022.61917808219,0.0306258452182746,0.0267847256820036,1.95996398454005,-0.0218712524542374,0.0831229428907867,FALSE,1,0,135428,"mean",17.4695420939817
2022-09-15,17.1833333333333,2022.70410958904,9,0.704109589041082,"s(decimaldate)","decimaldate",NA,NA,2022.70410958904,0.0306258821357912,0.0269117625446345,1.95996398454005,-0.0221202032121864,0.0833719674837688,FALSE,1,0,135428,"mean",17.4721431908521
2022-10-15,16.54,2022.78630136986,10,0.78630136986294,"s(decimaldate)","decimaldate",NA,NA,2022.78630136986,0.0306258957064322,0.0270322118023391,1.95996398454005,-0.022356265848611,0.0836080572614755,FALSE,1,0,135428,"mean",17.4746603841285
2022-12-15,17.68,2022.95342465753,12,0.953424657534242,"s(decimaldate)","decimaldate",NA,NA,2022.95342465753,0.0306259599197636,0.0272401899885503,1.95996398454005,-0.0227638313898235,0.0840157512293507,FALSE,1,0,135428,"mean",17.4797786850397
